,region_code,RAI,RAI_Econ,RAI_Demo,RAI_Infra,RAI_Serv,net_rate,sgg_name,sido
1,41590,0.6668545359008352,0.8388067767107605,0.6931806391275319,0.6405114059956426,0.627655552680448,45.255203028051405,화성시,경기도
2,41460,0.6200534873498363,0.6551142002574788,0.6618809305300054,0.6204170187957814,0.593012466974225,10.234166283017935,용인시,경기도
3,36110,0.6045536876281519,0.5294601422998118,0.6299527376980629,0.5472019887727603,0.6480742018747127,50.75163394774427,세종시,세종특별자치시
4,41220,0.6027079851421527,0.5267032848727693,0.6703887736248476,0.6307140432633739,0.5762172615234102,28.112853848563997,평택시,경기도
5,28710,0.597048710993069,0.15869896216843432,0.5570659296784211,0.813849518966323,0.5938576591648165,11.524478698833493,강화군,인천광역시
6,41570,0.5930482086287283,0.4643943678573522,0.6143791400486254,0.6360288898497504,0.590652228027859,32.637751433597884,김포시,경기도
7,41610,0.5925681672569008,0.46824755738129364,0.6276052172077468,0.6266406784167566,0.5886693829484575,21.97160055754702,광주시,경기도
8,41280,0.5924580148027446,0.5880340305151049,0.6541028671747898,0.6124704101965559,0.555074372015744,3.5860653345243105,고양시,경기도
9,41450,0.5921586455984734,0.4632419942547143,0.6011918323275445,0.6234609220421607,0.6022166707291888,50.573215443605015,하남시,경기도
10,41390,0.5871052917905869,0.5484903407333335,0.6479249909193143,0.6187173777434918,0.551744376654868,27.83687528297972,시흥시,경기도
11,43750,0.5824413545884324,0.32117070579167833,0.5599981761057979,0.624753523984263,0.633120077782317,26.839897736951453,진천군,충청북도
12,41130,0.5807109011479361,0.7377981368374262,0.628764574334148,0.5785162870280383,0.5212886702734983,-8.637580905713257,성남시,경기도
13,52720,0.5746551375715726,0.162745185124558,0.519272356908604,0.5411053103224267,0.7244173654250975,0.29237483241828044,진안군,전북특별자치도
14,41480,0.5730321369826136,0.4139279698932637,0.6446581115677451,0.6172496478416509,0.5562515112102511,20.972152192171365,파주시,경기도
15,44270,0.5713768723750623,0.3446748490746316,0.58104714169155,0.6899862895154949,0.5528232017764186,5.075824036718296,당진시,충청남도
16,41110,0.5709649493453215,0.6856593889507979,0.6351659727905057,0.5850568818005878,0.5055672325764361,-1.9567987987033466,수원시,경기도
17,41500,0.5695904605302853,0.47297212448953385,0.6330324377295966,0.6067680430409392,0.5445812444263958,7.057942513967158,이천시,경기도
18,44130,0.566937929942033,0.5327194599730083,0.6989350925731329,0.5502927061850285,0.529637313773296,6.214492757415803,천안시,충청남도
19,41360,0.5639102870362495,0.40139793320782957,0.6328285729539403,0.6218367604747268,0.5407702940076342,12.483627904302272,남양주시,경기도
20,28185,0.5630856775703087,0.3492483161789771,0.5898325462435337,0.6055406657301045,0.5805475087284444,21.677603537293216,연수구,인천광역시
21,43110,0.5617006311404228,0.520541273397833,0.6891257002925655,0.5520604605376307,0.523842812202972,2.080454045882927,청주시,충청북도
22,41830,0.5610332133023692,0.17379788514979874,0.5644003262636401,0.6611560364343898,0.5976438732317335,21.461208092463554,양평군,경기도
23,27710,0.5610329978727361,0.3158696105773974,0.6146352194254328,0.4850711863760874,0.6475317640384334,16.288577298797097,달성군,대구광역시
24,11650,0.5567189298410801,0.6364447235020184,0.5585856617379205,0.559766156660048,0.5336139730905752,-12.253195402649569,서초구,서울특별시
25,44200,0.5567167723832963,0.4221770860823757,0.6272952049421894,0.6113017521717063,0.527740251525998,18.171434334819253,아산시,충청남도
26,30200,0.5538894057412527,0.34664581164502467,0.6825112606262049,0.539197950564963,0.5612027911041646,5.371092699639938,유성구,대전광역시
27,41270,0.5515494777506066,0.5400592441430786,0.6705701325519111,0.5796432168486176,0.4865789901621495,-14.107621194041474,안산시,경기도
28,11500,0.5509243276025739,0.3433695176605079,0.6555091258504055,0.6060257453945705,0.5258617964703253,-9.10258688617456,강서구,서울특별시
29,28110,0.550539715089895,0.6497964700336661,0.5855079750376501,0.5420558493592784,0.5153727241811829,45.10301741306497,중구,인천광역시
30,44210,0.5479316411612352,0.30880576737870447,0.5915916498372045,0.6445170367423422,0.531551684313492,3.5199552924820727,서산시,충청남도
31,52740,0.5453566778053979,0.2075227698438806,0.5110051418269196,0.5394592908648652,0.6502405346837379,-6.921652678760692,장수군,전북특별자치도
32,43770,0.5433473325803942,0.30465365807927,0.558489041921157,0.6814534996058069,0.5136082676260935,-3.1773797297564492,음성군,충청북도
33,11140,0.5396483514588053,0.6497964700336661,0.617695561315264,0.5361850657841687,0.4802556586383823,-1.671879962115059,중구,서울특별시
34,11440,0.539217472459736,0.4219689462582411,0.5373003339229674,0.6208240696465452,0.5201732947653688,-5.8180090759476,마포구,서울특별시
35,46870,0.5387515370707854,0.17565319544463842,0.551391873987588,0.5372482131199624,0.6273970812287168,-2.80268308787685,영광군,전라남도
36,44810,0.5380318509827196,0.18501548210553065,0.5645535243655724,0.7007423436161706,0.5177060305332731,5.839379154998971,예산군,충청남도
37,47840,0.5358790071108573,0.18544007013670283,0.5385623130642561,0.6288825809018804,0.5677007192788063,-1.367191120094324,성주군,경상북도
38,52750,0.5353829843558031,0.15000491763001333,0.5351343446176854,0.5748681359903428,0.6101578648875182,-10.29705657747205,임실군,전북특별자치도
39,41630,0.5351337950959396,0.27759761998529725,0.600276145673044,0.6178897570255105,0.5227799774919786,42.1759743796438,양주시,경기도
40,27720,0.534860298021947,0.14765010598057948,0.5337896800396724,0.6477943237123039,0.5655177889815511,4.760104461880242,,대구광역시
41,27720,0.534860298021947,0.14765010598057948,0.5337896800396724,0.6477943237123039,0.5655177889815511,4.760104461880242,군위군,대구광역시
42,41370,0.5340170255690533,0.3324248555966181,0.6005616381998351,0.5892694453328013,0.5235464449549241,15.285327068978347,오산시,경기도
43,26440,0.5329368991410803,0.3433695176605079,0.5663194115931292,0.4068917940757402,0.6444385774981649,27.641064759654082,강서구,부산광역시
44,11200,0.5327672472622051,0.37925403129525725,0.4854439524716716,0.6075768793815542,0.54653425982194,-11.956985773595108,성동구,서울특별시
45,51830,0.5320137328568386,0.17372029641155234,0.5153792850354756,0.6040380636923853,0.5869187718831582,9.780734808051966,양양군,강원특별자치도
46,41430,0.5316019675259497,0.3127803639011999,0.5954773469431971,0.6061762125828508,0.5148658968721616,-2.8685613288257126,의왕시,경기도
47,44825,0.5312861169537838,0.23344422337948723,0.549283828665903,0.6967015323810699,0.49878943207974563,0.6808856814031347,태안군,충청남도
48,46880,0.5307922842251099,0.1518585644349183,0.5440528581100023,0.5600409694781419,0.6044195882110828,-3.4621599490516544,장성군,전라남도
49,52770,0.5305429816027298,0.14158944465234086,0.5213055687144674,0.5677834109123223,0.6114393023298076,-3.5851361429518533,순창군,전북특별자치도
50,51810,0.5270978540452448,0.17592116255955295,0.5588338010017907,0.6254167263051705,0.5434739942954598,-3.2138667280827806,인제군,강원특별자치도
51,52730,0.5266856008763197,0.18274300989680545,0.5124849741570525,0.5778475025269464,0.5896372287096091,1.7254407950743396,무주군,전북특별자치도
52,41670,0.5260945225751962,0.24925437960497976,0.5728076718924862,0.6226253565083768,0.518118131226229,8.045197660026027,여주시,경기도
53,44800,0.5259856377334656,0.1884382179260433,0.5626260271290486,0.6247796791139372,0.5364855945734534,3.9460283031714005,홍성군,충청남도
54,11680,0.5250285393886884,0.7478163904980735,0.5239923698916185,0.4952736894052223,0.48654286784812656,-2.4841002271805976,강남구,서울특별시
55,11710,0.52322271044042,0.5215857317061121,0.4772979417764696,0.5760819868633827,0.5108760352269106,-2.8850146031721566,송파구,서울특별시
56,41550,0.5231272164754268,0.3430058243392709,0.6021494062986921,0.6526654026381956,0.4563828907774698,9.41200405514122,안성시,경기도
57,51130,0.5230142360782878,0.2852327360064713,0.6353903856454723,0.5670370814880457,0.5091603596718159,9.453341132573206,원주시,강원특별자치도
58,43760,0.522883171516938,0.12891656922880224,0.5351631971755041,0.7201751449050923,0.4979710383245559,3.293441991641285,괴산군,충청북도
59,51800,0.5222204547798661,0.14645723637510302,0.5477057669871541,0.589113297795619,0.5667928255025355,-17.057465335791843,양구군,강원특별자치도
60,51760,0.5216864736183872,0.19434639485789257,0.5213640247962255,0.6131121278719636,0.5498312009915488,-0.32264319877865544,평창군,강원특별자치도
61,31710,0.5205085947065564,0.3523291616205718,0.5995568248664934,0.4114348846840844,0.5966785301838567,0.10237693099576109,울주군,울산광역시
62,43745,0.5202687035082338,0.16157085986992406,0.541477643921815,0.5684769639892846,0.5737190973292898,0.3597305738368357,증평군,충청북도
63,47190,0.5182221940915073,0.4212693481950151,0.6774070048659434,0.4885919358006451,0.493365904890053,-6.4851692887225605,구미시,경상북도
64,51790,0.5178662027756096,0.1565838367449626,0.5733479563953485,0.6807417524817048,0.48721583762239906,-15.084406529505232,화천군,강원특별자치도
65,51780,0.5178532100593686,0.12845678551160042,0.5653359844310686,0.627490924844439,0.5303937754027572,-17.63429104400915,철원군,강원특별자치도
66,47940,0.5174317647202932,0.2818268008234913,0.46940867098666617,0.7252522278622399,0.47116991756817317,-5.7713039027086035,울릉군,경상북도
67,47730,0.5160776088179182,0.1847920564102782,0.5643088575553905,0.6396722775239597,0.5048579913684832,2.78325092179814,의성군,경상북도
68,41170,0.5155102624892096,0.487412518965966,0.5743100384071806,0.5983894186793315,0.4469469608190814,-10.43128094305868,안양시,경기도
69,43130,0.5148431033794963,0.23836595002341143,0.6030344511026633,0.5644638584506716,0.5177954535109414,3.3610015657181624,충주시,충청북도
70,41190,0.5145040631297255,0.5061252141552144,0.5244604095331875,0.5886618890072898,0.4670378572808971,-12.875438609964341,부천시,경기도
71,47900,0.5143621533904497,0.15420284003235044,0.5398836261346868,0.6329177981077558,0.5233092433931054,28.30795366659071,예천군,경상북도
72,28200,0.5131970050578493,0.34422321711151405,0.564569144028845,0.5823567807076332,0.49231969796995123,-10.924955155955423,남동구,인천광역시
73,41650,0.5121543742644911,0.2938492607845219,0.594109848677365,0.633824620160669,0.45876547474082185,-6.19861404293157,포천시,경기도
74,11170,0.5118092357314233,0.41425355123632684,0.5534878392955851,0.6131788622126682,0.4570422899624746,-11.917073005690884,용산구,서울특별시
75,47290,0.5107340237654101,0.24913680415837383,0.6328961548193428,0.45944734946713683,0.5571288815917781,4.891869118366041,경산시,경상북도
76,48860,0.5106131683881933,0.18357675679663563,0.5341093217419357,0.5738177006421898,0.5457943870629081,3.2062864102171917,산청군,경상남도
77,11380,0.5100889994588573,0.24132629782105663,0.49149533615525454,0.6135798101374103,0.5236178834075005,-6.029825796907236,은평구,서울특별시
78,43720,0.5095196624734171,0.14642524741325672,0.5270381868260198,0.5842293836812231,0.5494562883081993,-1.3243099950796795,보은군,충청북도
79,51110,0.5089541543089613,0.2500873341309491,0.6352854915812172,0.5599606494663392,0.49028672699761006,4.398602677513547,춘천시,강원특별자치도
80,41310,0.5088138841798767,0.3038148181131522,0.5616465387257108,0.5869389098353937,0.49106731087675487,-4.4762584061123745,구리시,경기도
81,11620,0.5086377233135881,0.2611616514259168,0.6096905722197554,0.6197223595857106,0.4610663128706011,-5.889946575659843,관악구,서울특별시
82,48870,0.5083116632255824,0.14451977451876166,0.5327549430435338,0.5454962625957175,0.5684343537220727,-0.6218915101850581,함양군,경상남도
83,11560,0.5080179426736807,0.5207307659514173,0.5368546235731659,0.5727464169301064,0.4528649081950896,0.0828179020578006,영등포구,서울특별시
84,41820,0.5078739523815512,0.1822764587005845,0.5539467907229985,0.6433597401771413,0.4888403997332828,7.560015047992623,가평군,경기도
85,11290,0.5065721672576683,0.24250822678343867,0.47836017161651395,0.6097187624000355,0.5232061982712326,-6.495941834624272,성북구,서울특별시
86,51730,0.5054410476035314,0.1601730476637319,0.531014930381591,0.6892746847146011,0.47060860924487297,9.285425367575606,횡성군,강원특별자치도
87,46820,0.5051314011639574,0.19655404986574038,0.5555632208734801,0.516720019868815,0.5556781999457552,-12.258242769026197,해남군,전라남도
88,46710,0.5045439634657637,0.15728961916678758,0.5539535121245812,0.4768328910202738,0.5894892167201553,1.4255144302491374,담양군,전라남도
89,41150,0.5043124500658748,0.2843206310400038,0.5986769520125104,0.5935567510638702,0.4659060172414164,7.829883008291965,의정부시,경기도
90,11740,0.5041985253267979,0.3381275115477714,0.45855300382036457,0.5748859356013101,0.5229928376989045,8.081838900147803,강동구,서울특별시
91,11590,0.5034507935169793,0.2972234519212109,0.44086906921454927,0.6029291561674335,0.5221464372186725,-7.974545026064655,동작구,서울특별시
92,44790,0.5012216563433772,0.21658476747000907,0.5429673901462773,0.7040604736780666,0.43232041478320526,0.8520258117019214,청양군,충청남도
93,43150,0.5008288923651434,0.1759405983591644,0.5825137999714901,0.5466070025789711,0.521320016632347,-2.64935150849658,제천시,충청북도
94,27110,0.5006441862170589,0.6497964700336661,0.602250462921796,0.3697488335912979,0.4991735467575533,26.085989495427107,중구,대구광역시
95,11410,0.5004779370410981,0.2608691976563409,0.48200864683200517,0.5671192128199224,0.529022857888468,-2.3866943891490546,서대문구,서울특별시
96,47250,0.5001927450765706,0.14629832805110937,0.5686945075800013,0.5964496679412267,0.5028571224914008,-2.9912466205645183,상주시,경상북도
97,41410,0.49925419013611405,0.3266973873004628,0.5675968368631416,0.6020575752268632,0.4514787167983215,-14.866782660385399,군포시,경기도
98,26710,0.49918884993924273,0.2836083977327199,0.5670916332294431,0.4133659008073276,0.5780394354192196,12.23940099025564,기장군,부산광역시
99,52710,0.4987345432269657,0.19892998345548,0.5609383575979204,0.5213176153684363,0.5352875677293453,9.01819282109876,완주군,전북특별자치도
100,31200,0.49721704073123135,0.14290523932334215,0.6239282839683322,0.3896352065250524,0.599891370524579,8.559029612256829,북구,울산광역시
101,47760,0.4968071496753613,0.15386240071383359,0.5054477444872798,0.6248515491802702,0.5027292293123203,-4.033705267040092,영양군,경상북도
102,41290,0.49672117663430426,0.2902755473646178,0.5642619877548662,0.6377716393175232,0.43457758045622774,31.87063692206077,과천시,경기도
103,48250,0.49662627696416534,0.44151259790488145,0.6393506117261853,0.3871788973857908,0.5168902462718105,-0.006153511646683318,김해시,경상남도
104,47820,0.49594675840068003,0.18410855753186367,0.5443333384935345,0.5431670994860125,0.5264012543139087,4.241034996789315,청도군,경상북도
105,11215,0.4956062600550812,0.3087776715206942,0.4939770074938158,0.600708636990532,0.47990735211932617,-8.93185107739567,광진구,서울특별시
106,29200,0.49501691726628,0.3108125969783103,0.6565692394560443,0.4061318686967759,0.5277797360809237,-5.307139444897458,광산구,광주광역시
107,51820,0.49436817312439985,0.14553856661067635,0.5403150224114034,0.5811084869956386,0.5111694908218307,-5.564016819948282,고성군,강원특별자치도
108,11260,0.4942089627757624,0.26266756520424805,0.4325188167181425,0.6080941123087199,0.5102017880243835,-8.61604271967369,중랑구,서울특별시
109,44180,0.4935387548114414,0.18290067576513452,0.563932703898192,0.6056270182827086,0.4746180019864008,-5.573469899726056,보령시,충청남도
110,47230,0.4928739910485452,0.20693094760008923,0.5774445053007381,0.5197910452855453,0.5136876482280942,3.9918836492911396,영천시,경상북도
111,28720,0.49270176867905763,0.154589531357009,0.5452838246004553,0.7356456988544614,0.4083580179162673,-2.4444168792270924,옹진군,인천광역시
112,41800,0.49225864831083666,0.15945321303296006,0.5680136835616556,0.6574759207235806,0.4442320819553459,-7.921784476080711,연천군,경기도
113,46170,0.49210179047334685,0.23509591037226046,0.583478509629025,0.4411915730094662,0.5502102051901397,16.584611607251627,나주시,전라남도
114,47150,0.49187882335253136,0.1637735202959109,0.5828371105200525,0.5310361870815459,0.5132931535158479,-1.8869587539880148,김천시,경상북도
115,51720,0.4911217917315695,0.19399206035598088,0.5551704165526078,0.6313533782036674,0.45422275809950674,0.9238752394974005,홍천군,강원특별자치도
116,47750,0.49109080083434703,0.20420375555059792,0.5262070826544176,0.6356850678696273,0.4612274206868024,-0.6750719941385025,청송군,경상북도
117,46840,0.4898534577227,0.14463629408101852,0.5536457581784224,0.5139492050708336,0.5364496099977145,18.607452274298513,무안군,전라남도
118,48720,0.48983368841622216,0.14930265163367484,0.5290489727009902,0.540131115567623,0.5296725480838138,0.30660949054226916,의령군,경상남도
119,44250,0.48833389958392764,0.10704970628060428,0.5168341156078131,0.5398865255900832,0.5424225361886134,10.29321096898409,계룡시,충청남도
120,27230,0.4877701910070619,0.14290523932334215,0.6111785590267858,0.4416829382528579,0.5518060287323537,-7.308738846318626,북구,대구광역시
121,27290,0.4870279616082833,0.3384241545567988,0.5657494725640624,0.4286979563222988,0.5272710927286374,-14.857164899048787,달서구,대구광역시
122,52110,0.4864813233828363,0.4125017138679592,0.6712113718594818,0.4379790432955571,0.4563922191454717,-2.499111525437598,전주시,전북특별자치도
123,51750,0.48638661467024374,0.18458762459657058,0.5246457069097121,0.6113365101005879,0.4710265865482184,-0.5738598495511199,영월군,강원특별자치도
124,48890,0.48570053829742865,0.14064148802179394,0.5524188817463154,0.5488759493414703,0.5070992535292018,-5.891541004662509,합천군,경상남도
125,48310,0.48488627938101037,0.24540018963726387,0.5847802789403722,0.4391823929905898,0.5316863421572279,-13.37086923577794,거제시,경상남도
126,27260,0.4838919878481838,0.2962141896339511,0.569293465327283,0.43928189373859367,0.5229140437119214,-8.784543629237833,수성구,대구광역시
127,48330,0.4834362514708442,0.33575164568341787,0.6171190537490985,0.37370954470455686,0.531463765000332,13.990998527917949,양산시,경상남도
128,46230,0.4830157230823962,0.29410746994603604,0.6057960705391363,0.4288443215796231,0.5122715889055756,-1.7963333655481302,광양시,전라남도
129,47920,0.4819716276551164,0.16555843093216818,0.5233857416916378,0.608503554528324,0.46804663548569553,-6.001165412955489,봉화군,경상북도
130,11530,0.4811046616288215,0.3396457163013087,0.44552224818984215,0.5922438148046218,0.46454912870303994,-10.12381479237429,구로구,서울특별시
131,47930,0.48107459093425514,0.12098044831278185,0.5404450939250838,0.5753371721390002,0.49044091737925494,-6.093238984798064,울진군,경상북도
132,48110,0.480917379763434,0.20401668223949307,0.6865964472684587,0.4250142955054216,0.498464693252889,-7.365603070875056,,경상남도
133,47830,0.4805726694253843,0.16173565578011964,0.5198552408086621,0.5937913912240567,0.4763230431003694,-6.407169713893142,고령군,경상북도
134,28237,0.4796021803792225,0.28373567906340474,0.49796160864490413,0.5963588254050924,0.45057110769331893,-13.356408125773804,부평구,인천광역시
135,28177,0.478947444820722,0.2392322316802214,0.4747795576086275,0.5856125036510686,0.47693676724500317,0.2595146833254305,미추홀구,인천광역시
136,28177,0.478947444820722,0.2392322316802214,0.4747795576086275,0.5856125036510686,0.47693676724500317,0.2595146833254305,,인천광역시
137,50110,0.4780885467247653,0.3892362839360971,0.642642334739307,0.3216309889423888,0.5264621871140969,4.232753288801359,제주시,제주특별자치도
138,46130,0.4779944226879389,0.34453348667378864,0.6125275537586459,0.4103187855249715,0.49628425102195256,-6.904579815552339,여수시,전라남도
139,47110,0.477460542807279,0.3744433576301991,0.6296988568542765,0.45887326377060345,0.45036379266498555,-4.624100561855863,포항시,경상북도
140,47850,0.4770757824599335,0.24368291903336498,0.565604321148771,0.544917420139385,0.4576879172912868,-14.781413438012587,칠곡군,경상북도
141,11305,0.47480917090515085,0.19271400909015762,0.5074196519338983,0.613499869812941,0.4483968989090315,-13.634590208211293,강북구,서울특별시
142,48880,0.4746548123577788,0.13147747136611232,0.5466925368975207,0.5158796038943378,0.5067336154056772,0.82851228588643,거창군,경상남도
143,51770,0.47393560290964626,0.24019381028796422,0.5111265860020948,0.5710657359969622,0.4585988783852669,-7.752478788552702,정선군,강원특별자치도
144,28245,0.473577352361192,0.22397890529441863,0.5886019537110656,0.5950046071353574,0.41426736596825986,-19.713388478169712,계양구,인천광역시
145,44760,0.4735037400036774,0.1374578519286046,0.5628178270124212,0.6309408722389189,0.4252891033341254,-7.435573383900108,부여군,충청남도
146,52790,0.47306873298109764,0.15004991054909536,0.5527998243623065,0.5296480394179678,0.4873048005241149,-10.275884751750214,고창군,전북특별자치도
147,11545,0.4729067118650603,0.3494845857731629,0.47886875847134514,0.6074642066742646,0.4196909789602452,-4.497972840109209,금천구,서울특별시
148,46150,0.47253734892123617,0.2575996274542014,0.6248703308419818,0.3994598758055604,0.5074395128450176,-0.16898130819980378,순천시,전라남도
149,52800,0.471818899358169,0.1740134558104718,0.5491796917154006,0.5122905876598571,0.4904544644069754,-9.930985926802638,부안군,전북특별자치도
150,48850,0.4714279137601557,0.18656257953763836,0.5407248080317467,0.48511745152560937,0.5065679623134136,-12.690374284292854,하동군,경상남도
151,43740,0.47073981500654377,0.10910191262035912,0.5934081904401582,0.5174974016316055,0.482587901304777,-7.67134938283916,영동군,충청북도
152,28260,0.47059912694993977,0.10357550500342413,0.5693142065078853,0.4203045689536038,0.5534161925389146,23.98565325033923,서구,인천광역시
153,41210,0.4705677305525327,0.3401158591990058,0.5488037927072765,0.609080349420985,0.38593041667491484,-25.826520321332524,광명시,경기도
154,11230,0.47050879258425793,0.29945432085401036,0.4151326174250747,0.5705890613155492,0.476745277382795,-3.6144084743618214,동대문구,서울특별시
155,31110,0.4701782138084488,0.6497964700336661,0.5544871460687304,0.32359569831804696,0.4778650196571052,-19.14734817260071,중구,울산광역시
156,46830,0.4685588236278192,0.18205870458009799,0.5378725529109147,0.4803042082315365,0.50530039644183,-5.944819313975046,영암군,전라남도
157,46780,0.46814587163156557,0.1572971475027934,0.5501738229059577,0.491329194579436,0.49871442804025456,-9.008368782008352,보성군,전라남도
158,26350,0.46793636355756035,0.318523167096921,0.5426782186699026,0.36257967047954687,0.5388551703323355,-11.506623665118571,해운대구,부산광역시
159,52130,0.4678631745894429,0.20302932410967178,0.5971571043887425,0.4980040077322355,0.4622292793454739,-5.74623393851857,군산시,전북특별자치도
160,43730,0.46740229244350273,0.14368905338298008,0.5375747967837803,0.5367862574514294,0.4780563173720206,-0.002535039448115173,옥천군,충청북도
161,52210,0.467333712812296,0.1460865604688102,0.5701002436434848,0.5454456880394895,0.4581231994017477,-0.6779179466810556,김제시,전북특별자치도
162,46910,0.4663351602887282,0.21858084538937528,0.5415201574377051,0.6014958646173865,0.41513019632849596,-1.5243503646462915,신안군,전라남도
163,44150,0.4655624472544978,0.167170678096558,0.5844752741700486,0.5742342775481724,0.42491187671939196,-2.6078722029959374,공주시,충청남도
164,47280,0.46421731509058367,0.12399073656941949,0.5552103557252213,0.5650957001889511,0.4509630082769224,-4.053049025873293,문경시,경상북도
165,48820,0.46391657229000516,0.1495701255179117,0.5329746781595516,0.5401176964910094,0.46847266256730036,-4.983598517015981,고성군,경상남도
166,48740,0.46388513146817134,0.16047430066150284,0.5469026082699969,0.46335876777279245,0.5066306376010132,-6.111196702927438,창녕군,경상남도
167,46800,0.4634516056819004,0.16083869340924173,0.5404544142174872,0.48173674816162954,0.4970467766498538,-9.828317185713756,장흥군,전라남도
168,47170,0.4624782895413996,0.1528339716126051,0.5922735943394396,0.5063947402531334,0.4596937299912985,-6.281159528110434,안동시,경상북도
169,46770,0.4623033306829629,0.19097581101794517,0.5710138310665072,0.4997488180970077,0.46263856077155163,-0.05229588807638638,고흥군,전라남도
170,46730,0.4622234117943165,0.14401497371146432,0.5172385611708513,0.42985459783973506,0.5401806003036288,-5.095148816901861,구례군,전라남도
171,47130,0.46166298505495834,0.2691070080882004,0.6030920715779252,0.4270454432470902,0.47194239143223266,-2.2716169590010473,경주시,경상북도
172,51150,0.46134563019304725,0.20857282851523837,0.6042581291697474,0.5121571209975974,0.4341675688115756,0.8581574884462941,강릉시,강원특별자치도
173,48170,0.46126503091819476,0.2735273382148262,0.6317054425557791,0.413361751487444,0.4660721830620168,-1.3972682871913944,진주시,경상남도
174,44770,0.4606737820152057,0.1514893737039129,0.553348141555032,0.6344196009962846,0.39416055485513324,-5.829023366807328,서천군,충청남도
175,47770,0.4596382231553868,0.10445543941907844,0.5384199232578589,0.5338925124474554,0.4717131720299138,-6.953675004517777,영덕군,경상북도
176,51210,0.4585449527573904,0.1875710873705388,0.5499832076194253,0.5084357606676567,0.45853692057212736,2.38478362841866,속초시,강원특별자치도
177,52140,0.45664707155734013,0.20146318401367652,0.6202076891749145,0.4940690250152487,0.42947871699303436,-10.333779915861,익산시,전북특별자치도
178,47210,0.45650402371277105,0.11685833276102953,0.5656185113506761,0.5253344631367118,0.45498467724324226,-4.8563572554248715,영주시,경상북도
179,26320,0.4552267940918271,0.14290523932334215,0.60386894784916,0.38007566556394506,0.5179439715217853,-16.91380915861333,북구,부산광역시
180,29170,0.45510696864246564,0.14290523932334215,0.6184726653254402,0.421722227087131,0.4859644300472458,-4.307257020921622,북구,광주광역시
181,44230,0.45483692552494587,0.16866095213384205,0.5759111972757873,0.5694187353478753,0.4065166279433043,-7.863748924520824,논산시,충청남도
182,52180,0.4512872773644268,0.13830998733439603,0.5723968131196759,0.5021295492576391,0.4488220947339301,-6.214234916569986,정읍시,전북특별자치도
183,11110,0.4503004544078037,0.49993498601394804,0.5815216770961524,0.41420837103132946,0.4037252040628433,-7.364474956918479,종로구,서울특별시
184,27140,0.4483880198321268,0.16063229098321485,0.5832780676113619,0.3784756693118376,0.5074617086703294,-1.0109208733636215,동구,대구광역시
185,30140,0.4478423913468535,0.6497964700336661,0.5637370974470437,0.43503540618158953,0.35449227990165905,-11.116658319143614,중구,대전광역시
186,46860,0.4471171834695516,0.14814220460785626,0.5389164220023788,0.4862125947614627,0.46074077851818035,-4.433702301204485,함평군,전라남도
187,46810,0.4465498771982662,0.14478553737047767,0.5393614312761599,0.48899100312107013,0.45841033354733407,-9.114395468663,강진군,전라남도
188,44710,0.44294034484928174,0.1586567362948046,0.5349953989878896,0.5714713757664616,0.3979688464960245,-1.4079624595280658,금산군,충청남도
189,50130,0.44169071413740424,0.2988163046103718,0.5799534839217477,0.3237619686136946,0.4915508120507357,10.22399281224058,서귀포시,제주특별자치도
190,51230,0.44131244158110056,0.1256768428821936,0.5617340372090182,0.5316787351310923,0.4156405443100055,-8.56775586096602,삼척시,강원특별자치도
191,48270,0.4412030500361241,0.15379174503007892,0.5662335155401741,0.4621582150807295,0.4487960893967545,-0.6293432074829697,밀양시,경상남도
192,46900,0.44002874808270404,0.18369381236244134,0.5290178098546376,0.4662596168657413,0.4517862307323562,-3.400939718147055,진도군,전라남도
193,11320,0.43929796672260885,0.21150239709744484,0.4686366241986921,0.6137576062000346,0.378471371407585,-14.605579682393259,도봉구,서울특별시
194,31140,0.43885455997098094,0.20941615538280645,0.5768911039578798,0.39249906234658266,0.4672196239818825,-14.660431931651303,남구,울산광역시
195,26230,0.43778387337084607,0.2845242181864033,0.5329152794565903,0.33805009979128287,0.4975584612795602,-2.5693763934011145,부산진구,부산광역시
196,48840,0.4375487398846208,0.1488245204511883,0.5480016652238079,0.47060754825517953,0.44428640759417937,-0.43955122656346085,남해군,경상남도
197,46720,0.43556301009616993,0.14278503120298386,0.5360166185908053,0.49941150922859,0.42876433507396894,-3.8505569439807337,곡성군,전라남도
198,52190,0.4349784015494254,0.1469260387767607,0.5569965261977402,0.4805651340188447,0.4289496374091087,-5.756293896282192,남원시,전북특별자치도
199,26410,0.43460903382094657,0.18164084446966844,0.6002681675647565,0.3630957123364463,0.47262694709510616,-14.457729973079351,금정구,부산광역시
200,26290,0.43357716245216804,0.20941615538280645,0.5626576099534711,0.3755081032476508,0.4715727353872121,-8.049521491725612,남구,부산광역시
201,48730,0.4327851581103427,0.1763834184263883,0.5302880062554398,0.5358274541574117,0.39393620111684224,-11.977665330941468,함안군,경상남도
202,46890,0.43253176696504586,0.14699708951639112,0.5375583597482847,0.505694957794804,0.41622760118069035,-8.400055017238738,완도군,전라남도
203,51170,0.4324433753108613,0.17119494257464835,0.5478110783121859,0.4866523396531314,0.41710024881438923,-3.9637165934507856,동해시,강원특별자치도
204,11470,0.4310513752839985,0.3079301872589734,0.3538535278741993,0.6068605971670621,0.38796401949000053,-12.474958407139118,양천구,서울특별시
205,43800,0.43096066527830834,0.1431559605327658,0.511170512670069,0.6179850055998025,0.35615332291391966,-2.014547895984319,단양군,충청북도
206,29155,0.4302416898022907,0.20941615538280645,0.5604304089633211,0.41922248315932137,0.43812345788885615,-4.912756808116111,남구,광주광역시
207,29110,0.4286188727447572,0.16063229098321485,0.6021570696138617,0.35118673706740655,0.47075117638826436,16.424312264950984,동구,광주광역시
208,30230,0.42589400721979664,0.1986141701496307,0.5916327707519579,0.5168373367699871,0.35789604287479976,-15.571799029607257,대덕구,대전광역시
209,11350,0.42426628649279785,0.22875303556245197,0.5002415423139459,0.6034761433785304,0.3323775512242099,-16.778276676184536,노원구,서울특별시
210,27200,0.4219291525089445,0.20941615538280645,0.5916762350995084,0.4410247387167936,0.392393905716447,-10.926246478248851,남구,대구광역시
211,31170,0.4205419355733975,0.16063229098321485,0.5741257589638514,0.32020811196903853,0.48311962277312154,-19.684720429834954,동구,울산광역시
212,26260,0.4186251859223448,0.23062071109406548,0.4311055324814884,0.3519599875913035,0.50230507118421,2.8210168593143696,동래구,부산광역시
213,26470,0.41772512708639303,0.20653666055069259,0.42250103061194466,0.35321723026063356,0.509314227207209,5.1436749459899405,연제구,부산광역시
214,48240,0.4176606654391698,0.1881217534747312,0.5595034039528746,0.3902838626710433,0.4328176719826147,-1.6287404693547625,사천시,경상남도
215,51190,0.416775836266348,0.162610102849382,0.5128929004833193,0.5589402514683921,0.35400838724221767,-18.8293768961916,태백시,강원특별자치도
216,26530,0.4152675600213442,0.2507177457215748,0.5652469417871528,0.3468360782821879,0.4354088279030649,-16.56899265815498,사상구,부산광역시
217,48220,0.41374311454109947,0.1224309674169767,0.5422163188797832,0.4211216833501111,0.4291755801552741,-14.51708905048099,통영시,경상남도
218,41250,0.4111235830134541,0.0874793733321623,0.5646006674874476,0.567714840869501,0.33289876247570177,-9.13132755473665,동두천시,경기도
219,46790,0.40862272434676783,0.17846691226119654,0.5569878783515595,0.31983398249522543,0.45873107399007823,-1.7624343470757484,화순군,전라남도
220,26380,0.40751994720029966,0.21092333704030872,0.5496724590305971,0.3588710465247867,0.4271118810156419,-13.551219112168802,사하구,부산광역시
221,30110,0.40665111917522506,0.16063229098321485,0.5943377915300302,0.44200425591832104,0.36811526007040213,-5.670683151567831,동구,대전광역시
222,30170,0.4057907799998369,0.10357550500342413,0.6001500696412282,0.33679229666140725,0.4426665203303473,-9.5832629349473,서구,대전광역시
223,26500,0.4029449893849961,0.18899236465797714,0.44024231904774086,0.3475142731349111,0.4758281143936887,-2.63507353319234,수영구,부산광역시
224,28140,0.40180020198983996,0.16063229098321485,0.5465828115012701,0.5227992928620914,0.3279068486212126,-19.216418605699587,동구,인천광역시
225,26110,0.39065884356961333,0.6497964700336661,0.5796647741411094,0.30451429343095665,0.2963526845668671,-13.137104685346134,중구,부산광역시
226,46110,0.3903096802223066,0.21017461516821068,0.5542558653460992,0.3470839535011245,0.3930733362921597,-12.56231828282009,목포시,전라남도
227,29140,0.38765995676328713,0.10357550500342413,0.6002216246720306,0.24808124692787886,0.4553104979059919,-12.039404178994825,서구,광주광역시
228,26170,0.3747575761297891,0.16063229098321485,0.5842405666508869,0.31036136600292874,0.37978167106539534,2.02243230251687,동구,부산광역시
229,26140,0.3687409963636417,0.10357550500342413,0.5802130010147237,0.20423259699241014,0.4472568810430121,-2.799842202992221,서구,부산광역시
230,26200,0.35947049773881695,0.06816267141221559,0.4967966113675444,0.36830230317193335,0.3702394675765359,-15.252915188429675,영도구,부산광역시
231,27170,0.32750321325452997,0.10357550500342413,0.5818946430774271,0.27214704258636535,0.3103693918781882,-19.33652555601194,서구,대구광역시
